,circumplex.arousal,circumplex.valence,mood
circumplex.arousal,1.0,0.16930344259524585,0.15295266673774086
circumplex.valence,0.16930344259524585,1.0,0.6852271069855653
mood,0.15295266673774086,0.6852271069855653,1.0
